Attendee ID,Start Time,End Time
289,2021-07-06T11:00:00,2021-07-06T12:00:00
289,2021-07-06T13:00:00,2021-07-06T14:30:00
348,2021-07-06T11:00:00,2021-07-06T12:00:00
348,2021-07-06T13:00:00,2021-07-06T14:30:00
495,2021-07-06T11:00:00,2021-07-06T12:00:00
495,2021-07-06T13:00:00,2021-07-06T14:30:00
306,2021-07-06T11:00:00,2021-07-06T12:00:00
306,2021-07-06T13:00:00,2021-07-06T14:30:00
611,2021-07-06T11:00:00,2021-07-06T12:00:00
611,2021-07-06T13:00:00,2021-07-06T14:30:00
615,2021-07-06T11:00:00,2021-07-06T12:00:00
615,2021-07-06T13:00:00,2021-07-06T14:30:00
431,2021-07-06T11:00:00,2021-07-06T12:00:00
431,2021-07-06T13:00:00,2021-07-06T14:30:00
610,2021-07-06T11:00:00,2021-07-06T12:00:00
610,2021-07-06T13:00:00,2021-07-06T14:30:00
155,2021-07-06T11:00:00,2021-07-06T12:00:00
155,2021-07-06T13:00:00,2021-07-06T14:30:00
059,2021-07-06T11:00:00,2021-07-06T12:00:00
059,2021-07-06T13:00:00,2021-07-06T14:30:00
609,2021-07-06T11:00:00,2021-07-06T12:00:00
609,2021-07-06T13:00:00,2021-07-06T14:30:00
299,2021-07-06T11:00:00,2021-07-06T12:00:00
299,2021-07-06T13:00:00,2021-07-06T14:30:00
299,2021-07-07T16:30:00,2021-07-07T17:00:00
106,2021-07-06T09:45:00,2021-07-06T12:00:00
106,2021-07-06T14:30:00,2021-07-06T17:30:00
106,2021-07-07T13:00:00,2021-07-07T14:00:00
053,2021-07-06T09:45:00,2021-07-06T12:00:00
053,2021-07-06T13:30:00,2021-07-06T16:00:00
053,2021-07-07T11:30:00,2021-07-07T13:30:00
053,2021-07-07T14:00:00,2021-07-07T16:00:00
053,2021-07-07T16:30:00,2021-07-07T17:00:00
006,2021-07-06T11:30:00,2021-07-06T13:00:00
006,2021-07-07T16:30:00,2021-07-07T17:00:00
001,2021-07-06T13:00:00,2021-07-06T14:00:00
057,2021-07-06T14:00:00,2021-07-06T15:00:00
057,2021-07-07T11:45:00,2021-07-07T13:00:00
038,2021-07-06T09:30:00,2021-07-06T11:30:00
499,2021-07-06T14:00:00,2021-07-06T16:00:00
580,2021-07-06T14:00:00,2021-07-06T16:00:00
564,2021-07-06T14:00:00,2021-07-06T16:00:00
123,2021-07-06T14:00:00,2021-07-06T16:00:00
619,2021-07-06T14:00:00,2021-07-06T16:00:00
584,2021-07-06T14:00:00,2021-07-06T16:00:00
205,2021-07-06T14:00:00,2021-07-06T16:00:00
185,2021-07-06T14:00:00,2021-07-06T16:00:00
8,2021-07-06T14:00:00,2021-07-06T16:00:00
167,2021-07-06T14:00:00,2021-07-06T16:00:00
576,2021-07-06T14:00:00,2021-07-06T16:00:00
1,2021-07-07T16:30:00,2021-07-07T17:00:00
272,2021-07-07T16:30:00,2021-07-07T17:00:00
200,2021-07-07T16:30:00,2021-07-07T17:00:00
17,2021-07-07T14:00:00,2021-07-07T16:00:00
17,2021-07-07T16:30:00,2021-07-07T17:00:00